Domain Code,Domain,Area Code (FAO),Area,Element Code,Element,Item Code,Item,Year Code,Year,Unit,Value,Flag,Flag Description,Note
"OA","Annual population","21","Brazil","511","Total Population - Both sexes","3010","Population - Est. & Proj.","1950","1950","1000 persons","53974.729","X","International reliable sources","UNDESA, Population Division – World Population Prospects, the 2017 Revision"
"OA","Annual population","21","Brazil","512","Total Population - Male","3010","Population - Est. & Proj.","1950","1950","1000 persons","26775.992","X","International reliable sources","UNDESA, Population Division – World Population Prospects, the 2017 Revision"
"OA","Annual population","21","Brazil","513","Total Population - Female","3010","Population - Est. & Proj.","1950","1950","1000 persons","27198.736","X","International reliable sources","UNDESA, Population Division – World Population Prospects, the 2017 Revision"
"OA","Annual population","21","Brazil","551","Rural population","3010","Population - Est. & Proj.","1950","1950","1000 persons","34457.467","X","International reliable sources",""
"OA","Annual population","21","Brazil","561","Urban population","3010","Population - Est. & Proj.","1950","1950","1000 persons","19517.262","X","International reliable sources","UNDESA, Population Division – World Urbanization Prospects, the 2018 Revision"
"OA","Annual population","21","Brazil","511","Total Population - Both sexes","3010","Population - Est. & Proj.","1951","1951","1000 persons","55606.419","X","International reliable sources",""
"OA","Annual population","21","Brazil","512","Total Population - Male","3010","Population - Est. & Proj.","1951","1951","1000 persons","27594.666","X","International reliable sources",""
"OA","Annual population","21","Brazil","513","Total Population - Female","3010","Population - Est. & Proj.","1951","1951","1000 persons","28011.747","X","International reliable sources",""
"OA","Annual population","21","Brazil","551","Rural population","3010","Population - Est. & Proj.","1951","1951","1000 persons","34973.283","X","International reliable sources",""
"OA","Annual population","21","Brazil","561","Urban population","3010","Population - Est. & Proj.","1951","1951","1000 persons","20645.941","X","International reliable sources","UNDESA, Population Division – World Urbanization Prospects, the 2018 Revision"
"OA","Annual population","21","Brazil","511","Total Population - Both sexes","3010","Population - Est. & Proj.","1952","1952","1000 persons","57283.658","X","International reliable sources",""
"OA","Annual population","21","Brazil","512","Total Population - Male","3010","Population - Est. & Proj.","1952","1952","1000 persons","28437.736","X","International reliable sources",""
"OA","Annual population","21","Brazil","513","Total Population - Female","3010","Population - Est. & Proj.","1952","1952","1000 persons","28845.922","X","International reliable sources",""
"OA","Annual population","21","Brazil","551","Rural population","3010","Population - Est. & Proj.","1952","1952","1000 persons","35477.951","X","International reliable sources",""
"OA","Annual population","21","Brazil","561","Urban population","3010","Population - Est. & Proj.","1952","1952","1000 persons","21829.525","X","International reliable sources","UNDESA, Population Division – World Urbanization Prospects, the 2018 Revision"
"OA","Annual population","21","Brazil","511","Total Population - Both sexes","3010","Population - Est. & Proj.","1953","1953","1000 persons","58999.277","X","International reliable sources",""
"OA","Annual population","21","Brazil","512","Total Population - Male","3010","Population - Est. & Proj.","1953","1953","1000 persons","29301.18","X","International reliable sources",""
"OA","Annual population","21","Brazil","513","Total Population - Female","3010","Population - Est. & Proj.","1953","1953","1000 persons","29698.096","X","International reliable sources",""
"OA","Annual population","21","Brazil","551","Rural population","3010","Population - Est. & Proj.","1953","1953","1000 persons","35967.13","X","International reliable sources",""
"OA","Annual population","21","Brazil","561","Urban population","3010","Population - Est. & Proj.","1953","1953","1000 persons","23063.728","X","International reliable sources","UNDESA, Population Division – World Urbanization Prospects, the 2018 Revision"
"OA","Annual population","21","Brazil","511","Total Population - Both sexes","3010","Population - Est. & Proj.","1954","1954","1000 persons","60749.5","X","International reliable sources",""
"OA","Annual population","21","Brazil","512","Total Population - Male","3010","Population - Est. & Proj.","1954","1954","1000 persons","30182.716","X","International reliable sources",""
"OA","Annual population","21","Brazil","513","Total Population - Female","3010","Population - Est. & Proj.","1954","1954","1000 persons","30566.774","X","International reliable sources",""
"OA","Annual population","21","Brazil","551","Rural population","3010","Population - Est. & Proj.","1954","1954","1000 persons","36434.724","X","International reliable sources",""
"OA","Annual population","21","Brazil","561","Urban population","3010","Population - Est. & Proj.","1954","1954","1000 persons","24350.168","X","International reliable sources","UNDESA, Population Division – World Urbanization Prospects, the 2018 Revision"
"OA","Annual population","21","Brazil","511","Total Population - Both sexes","3010","Population - Est. & Proj.","1955","1955","1000 persons","62533.919","X","International reliable sources",""
"OA","Annual population","21","Brazil","512","Total Population - Male","3010","Population - Est. & Proj.","1955","1955","1000 persons","31081.797","X","International reliable sources",""
"OA","Annual population","21","Brazil","513","Total Population - Female","3010","Population - Est. & Proj.","1955","1955","1000 persons","31452.123","X","International reliable sources",""
"OA","Annual population","21","Brazil","551","Rural population","3010","Population - Est. & Proj.","1955","1955","1000 persons","36880.363","X","International reliable sources",""
"OA","Annual population","21","Brazil","561","Urban population","3010","Population - Est. & Proj.","1955","1955","1000 persons","25688.833","X","International reliable sources","UNDESA, Population Division – World Urbanization Prospects, the 2018 Revision"
"OA","Annual population","21","Brazil","511","Total Population - Both sexes","3010","Population - Est. & Proj.","1956","1956","1000 persons","64355.722","X","International reliable sources",""
"OA","Annual population","21","Brazil","512","Total Population - Male","3010","Population - Est. & Proj.","1956","1956","1000 persons","31999.686","X","International reliable sources",""
"OA","Annual population","21","Brazil","513","Total Population - Female","3010","Population - Est. & Proj.","1956","1956","1000 persons","32356.023","X","International reliable sources",""
"OA","Annual population","21","Brazil","551","Rural population","3010","Population - Est. & Proj.","1956","1956","1000 persons","37304.647","X","International reliable sources",""
"OA","Annual population","21","Brazil","561","Urban population","3010","Population - Est. & Proj.","1956","1956","1000 persons","27083.176","X","International reliable sources","UNDESA, Population Division – World Urbanization Prospects, the 2018 Revision"
"OA","Annual population","21","Brazil","511","Total Population - Both sexes","3010","Population - Est. & Proj.","1957","1957","1000 persons","66221.466","X","International reliable sources",""
"OA","Annual population","21","Brazil","512","Total Population - Male","3010","Population - Est. & Proj.","1957","1957","1000 persons","32939.418","X","International reliable sources",""
"OA","Annual population","21","Brazil","513","Total Population - Female","3010","Population - Est. & Proj.","1957","1957","1000 persons","33282.051","X","International reliable sources",""
"OA","Annual population","21","Brazil","551","Rural population","3010","Population - Est. & Proj.","1957","1957","1000 persons","37713.993","X","International reliable sources",""
"OA","Annual population","21","Brazil","561","Urban population","3010","Population - Est. & Proj.","1957","1957","1000 persons","28534.953","X","International reliable sources","UNDESA, Population Division – World Urbanization Prospects, the 2018 Revision"
"OA","Annual population","21","Brazil","511","Total Population - Both sexes","3010","Population - Est. & Proj.","1958","1958","1000 persons","68140.425","X","International reliable sources",""
"OA","Annual population","21","Brazil","512","Total Population - Male","3010","Population - Est. & Proj.","1958","1958","1000 persons","33905.373","X","International reliable sources",""
"OA","Annual population","21","Brazil","513","Total Population - Female","3010","Population - Est. & Proj.","1958","1958","1000 persons","34235.053","X","International reliable sources",""
"OA","Annual population","21","Brazil","551","Rural population","3010","Population - Est. & Proj.","1958","1958","1000 persons","38111.027","X","International reliable sources",""
"OA","Annual population","21","Brazil","561","Urban population","3010","Population - Est. & Proj.","1958","1958","1000 persons","30053.015","X","International reliable sources","UNDESA, Population Division – World Urbanization Prospects, the 2018 Revision"
"OA","Annual population","21","Brazil","511","Total Population - Both sexes","3010","Population - Est. & Proj.","1959","1959","1000 persons","70123.377","X","International reliable sources",""
"OA","Annual population","21","Brazil","512","Total Population - Male","3010","Population - Est. & Proj.","1959","1959","1000 persons","34902.755","X","International reliable sources",""
"OA","Annual population","21","Brazil","513","Total Population - Female","3010","Population - Est. & Proj.","1959","1959","1000 persons","35220.617","X","International reliable sources",""
"OA","Annual population","21","Brazil","551","Rural population","3010","Population - Est. & Proj.","1959","1959","1000 persons","38502.6","X","International reliable sources",""
"OA","Annual population","21","Brazil","561","Urban population","3010","Population - Est. & Proj.","1959","1959","1000 persons","31643.913","X","International reliable sources","UNDESA, Population Division – World Urbanization Prospects, the 2018 Revision"
"OA","Annual population","21","Brazil","511","Total Population - Both sexes","3010","Population - Est. & Proj.","1960","1960","1000 persons","72179.226","X","International reliable sources",""
"OA","Annual population","21","Brazil","512","Total Population - Male","3010","Population - Est. & Proj.","1960","1960","1000 persons","35935.856","X","International reliable sources",""
"OA","Annual population","21","Brazil","513","Total Population - Female","3010","Population - Est. & Proj.","1960","1960","1000 persons","36243.379","X","International reliable sources",""
"OA","Annual population","21","Brazil","551","Rural population","3010","Population - Est. & Proj.","1960","1960","1000 persons","38891.966","X","International reliable sources",""
"OA","Annual population","21","Brazil","561","Urban population","3010","Population - Est. & Proj.","1960","1960","1000 persons","33315.588","X","International reliable sources","UNDESA, Population Division – World Urbanization Prospects, the 2018 Revision"
"OA","Annual population","21","Brazil","511","Total Population - Both sexes","3010","Population - Est. & Proj.","1961","1961","1000 persons","74311.343","X","International reliable sources",""
"OA","Annual population","21","Brazil","512","Total Population - Male","3010","Population - Est. & Proj.","1961","1961","1000 persons","37006.203","X","International reliable sources",""
"OA","Annual population","21","Brazil","513","Total Population - Female","3010","Population - Est. & Proj.","1961","1961","1000 persons","37305.135","X","International reliable sources",""
"OA","Annual population","21","Brazil","551","Rural population","3010","Population - Est. & Proj.","1961","1961","1000 persons","39316.029","X","International reliable sources",""
"OA","Annual population","21","Brazil","561","Urban population","3010","Population - Est. & Proj.","1961","1961","1000 persons","35035.734","X","International reliable sources","UNDESA, Population Division – World Urbanization Prospects, the 2018 Revision"
"OA","Annual population","21","Brazil","511","Total Population - Both sexes","3010","Population - Est. & Proj.","1962","1962","1000 persons","76514.328","X","International reliable sources",""
"OA","Annual population","21","Brazil","512","Total Population - Male","3010","Population - Est. & Proj.","1962","1962","1000 persons","38110.997","X","International reliable sources",""
"OA","Annual population","21","Brazil","513","Total Population - Female","3010","Population - Est. & Proj.","1962","1962","1000 persons","38403.332","X","International reliable sources",""
"OA","Annual population","21","Brazil","551","Rural population","3010","Population - Est. & Proj.","1962","1962","1000 persons","39742.21","X","International reliable sources",""
"OA","Annual population","21","Brazil","561","Urban population","3010","Population - Est. & Proj.","1962","1962","1000 persons","36831.038","X","International reliable sources","UNDESA, Population Division – World Urbanization Prospects, the 2018 Revision"
"OA","Annual population","21","Brazil","511","Total Population - Both sexes","3010","Population - Est. & Proj.","1963","1963","1000 persons","78772.657","X","International reliable sources",""
"OA","Annual population","21","Brazil","512","Total Population - Male","3010","Population - Est. & Proj.","1963","1963","1000 persons","39242.35","X","International reliable sources",""
"OA","Annual population","21","Brazil","513","Total Population - Female","3010","Population - Est. & Proj.","1963","1963","1000 persons","39530.297","X","International reliable sources",""
"OA","Annual population","21","Brazil","551","Rural population","3010","Population - Est. & Proj.","1963","1963","1000 persons","40154.003","X","International reliable sources",""
"OA","Annual population","21","Brazil","561","Urban population","3010","Population - Est. & Proj.","1963","1963","1000 persons","38700.016","X","International reliable sources","UNDESA, Population Division – World Urbanization Prospects, the 2018 Revision"
"OA","Annual population","21","Brazil","511","Total Population - Both sexes","3010","Population - Est. & Proj.","1964","1964","1000 persons","81064.571","X","International reliable sources",""
"OA","Annual population","21","Brazil","512","Total Population - Male","3010","Population - Est. & Proj.","1964","1964","1000 persons","40389.302","X","International reliable sources",""
"OA","Annual population","21","Brazil","513","Total Population - Female","3010","Population - Est. & Proj.","1964","1964","1000 persons","40675.27","X","International reliable sources",""
"OA","Annual population","21","Brazil","551","Rural population","3010","Population - Est. & Proj.","1964","1964","1000 persons","40536.383","X","International reliable sources",""
"OA","Annual population","21","Brazil","561","Urban population","3010","Population - Est. & Proj.","1964","1964","1000 persons","40632.271","X","International reliable sources","UNDESA, Population Division – World Urbanization Prospects, the 2018 Revision"
"OA","Annual population","21","Brazil","511","Total Population - Both sexes","3010","Population - Est. & Proj.","1965","1965","1000 persons","83373.53","X","International reliable sources",""
"OA","Annual population","21","Brazil","512","Total Population - Male","3010","Population - Est. & Proj.","1965","1965","1000 persons","41543.539","X","International reliable sources",""
"OA","Annual population","21","Brazil","513","Total Population - Female","3010","Population - Est. & Proj.","1965","1965","1000 persons","41829.994","X","International reliable sources",""
"OA","Annual population","21","Brazil","551","Rural population","3010","Population - Est. & Proj.","1965","1965","1000 persons","40882.852","X","International reliable sources",""
"OA","Annual population","21","Brazil","561","Urban population","3010","Population - Est. & Proj.","1965","1965","1000 persons","42615.168","X","International reliable sources","UNDESA, Population Division – World Urbanization Prospects, the 2018 Revision"
"OA","Annual population","21","Brazil","511","Total Population - Both sexes","3010","Population - Est. & Proj.","1966","1966","1000 persons","85696.505","X","International reliable sources",""
"OA","Annual population","21","Brazil","512","Total Population - Male","3010","Population - Est. & Proj.","1966","1966","1000 persons","42703.487","X","International reliable sources",""
"OA","Annual population","21","Brazil","513","Total Population - Female","3010","Population - Est. & Proj.","1966","1966","1000 persons","42993.015","X","International reliable sources",""
"OA","Annual population","21","Brazil","551","Rural population","3010","Population - Est. & Proj.","1966","1966","1000 persons","41188.267","X","International reliable sources",""
"OA","Annual population","21","Brazil","561","Urban population","3010","Population - Est. & Proj.","1966","1966","1000 persons","44649.532","X","International reliable sources","UNDESA, Population Division – World Urbanization Prospects, the 2018 Revision"
"OA","Annual population","21","Brazil","511","Total Population - Both sexes","3010","Population - Est. & Proj.","1967","1967","1000 persons","88035.814","X","International reliable sources",""
"OA","Annual population","21","Brazil","512","Total Population - Male","3010","Population - Est. & Proj.","1967","1967","1000 persons","43870.36","X","International reliable sources",""
"OA","Annual population","21","Brazil","513","Total Population - Female","3010","Population - Est. & Proj.","1967","1967","1000 persons","44165.455","X","International reliable sources",""
"OA","Annual population","21","Brazil","551","Rural population","3010","Population - Est. & Proj.","1967","1967","1000 persons","41455.727","X","International reliable sources",""
"OA","Annual population","21","Brazil","561","Urban population","3010","Population - Est. & Proj.","1967","1967","1000 persons","46735.651","X","International reliable sources","UNDESA, Population Division – World Urbanization Prospects, the 2018 Revision"
"OA","Annual population","21","Brazil","511","Total Population - Both sexes","3010","Population - Est. & Proj.","1968","1968","1000 persons","90387.079","X","International reliable sources",""
"OA","Annual population","21","Brazil","512","Total Population - Male","3010","Population - Est. & Proj.","1968","1968","1000 persons","45042.159","X","International reliable sources",""
"OA","Annual population","21","Brazil","513","Total Population - Female","3010","Population - Est. & Proj.","1968","1968","1000 persons","45344.92","X","International reliable sources",""
"OA","Annual population","21","Brazil","551","Rural population","3010","Population - Est. & Proj.","1968","1968","1000 persons","41683.617","X","International reliable sources",""
"OA","Annual population","21","Brazil","561","Urban population","3010","Population - Est. & Proj.","1968","1968","1000 persons","48873.447","X","International reliable sources","UNDESA, Population Division – World Urbanization Prospects, the 2018 Revision"
"OA","Annual population","21","Brazil","511","Total Population - Both sexes","3010","Population - Est. & Proj.","1969","1969","1000 persons","92746.614","X","International reliable sources",""
"OA","Annual population","21","Brazil","512","Total Population - Male","3010","Population - Est. & Proj.","1969","1969","1000 persons","46217.302","X","International reliable sources",""
"OA","Annual population","21","Brazil","513","Total Population - Female","3010","Population - Est. & Proj.","1969","1969","1000 persons","46529.305","X","International reliable sources",""
"OA","Annual population","21","Brazil","551","Rural population","3010","Population - Est. & Proj.","1969","1969","1000 persons","41876.171","X","International reliable sources",""
"OA","Annual population","21","Brazil","561","Urban population","3010","Population - Est. & Proj.","1969","1969","1000 persons","51058.901","X","International reliable sources","UNDESA, Population Division – World Urbanization Prospects, the 2018 Revision"
"OA","Annual population","21","Brazil","511","Total Population - Both sexes","3010","Population - Est. & Proj.","1970","1970","1000 persons","95113.265","X","International reliable sources",""
"OA","Annual population","21","Brazil","512","Total Population - Male","3010","Population - Est. & Proj.","1970","1970","1000 persons","47395.447","X","International reliable sources",""
"OA","Annual population","21","Brazil","513","Total Population - Female","3010","Population - Est. & Proj.","1970","1970","1000 persons","47717.818","X","International reliable sources",""
"OA","Annual population","21","Brazil","551","Rural population","3010","Population - Est. & Proj.","1970","1970","1000 persons","42030.911","X","International reliable sources",""
"OA","Annual population","21","Brazil","561","Urban population","3010","Population - Est. & Proj.","1970","1970","1000 persons","53295.882","X","International reliable sources","UNDESA, Population Division – World Urbanization Prospects, the 2018 Revision"
"OA","Annual population","21","Brazil","511","Total Population - Both sexes","3010","Population - Est. & Proj.","1971","1971","1000 persons","97482.92","X","International reliable sources",""
"OA","Annual population","21","Brazil","512","Total Population - Male","3010","Population - Est. & Proj.","1971","1971","1000 persons","48574.487","X","International reliable sources",""
"OA","Annual population","21","Brazil","513","Total Population - Female","3010","Population - Est. & Proj.","1971","1971","1000 persons","48908.441","X","International reliable sources",""
"OA","Annual population","21","Brazil","551","Rural population","3010","Population - Est. & Proj.","1971","1971","1000 persons","42127.432","X","International reliable sources",""
"OA","Annual population","21","Brazil","561","Urban population","3010","Population - Est. & Proj.","1971","1971","1000 persons","55601.529","X","International reliable sources","UNDESA, Population Division – World Urbanization Prospects, the 2018 Revision"
"OA","Annual population","21","Brazil","511","Total Population - Both sexes","3010","Population - Est. & Proj.","1972","1972","1000 persons","99859.383","X","International reliable sources",""
"OA","Annual population","21","Brazil","512","Total Population - Male","3010","Population - Est. & Proj.","1972","1972","1000 persons","49756.347","X","International reliable sources",""
"OA","Annual population","21","Brazil","513","Total Population - Female","3010","Population - Est. & Proj.","1972","1972","1000 persons","50103.041","X","International reliable sources",""
"OA","Annual population","21","Brazil","551","Rural population","3010","Population - Est. & Proj.","1972","1972","1000 persons","42181.714","X","International reliable sources",""
"OA","Annual population","21","Brazil","561","Urban population","3010","Population - Est. & Proj.","1972","1972","1000 persons","57961.884","X","International reliable sources","UNDESA, Population Division – World Urbanization Prospects, the 2018 Revision"
"OA","Annual population","21","Brazil","511","Total Population - Both sexes","3010","Population - Est. & Proj.","1973","1973","1000 persons","102259.497","X","International reliable sources",""
"OA","Annual population","21","Brazil","512","Total Population - Male","3010","Population - Est. & Proj.","1973","1973","1000 persons","50949.782","X","International reliable sources",""
"OA","Annual population","21","Brazil","513","Total Population - Female","3010","Population - Est. & Proj.","1973","1973","1000 persons","51309.715","X","International reliable sources",""
"OA","Annual population","21","Brazil","551","Rural population","3010","Population - Est. & Proj.","1973","1973","1000 persons","42208.28","X","International reliable sources",""
"OA","Annual population","21","Brazil","561","Urban population","3010","Population - Est. & Proj.","1973","1973","1000 persons","60375.998","X","International reliable sources","UNDESA, Population Division – World Urbanization Prospects, the 2018 Revision"
"OA","Annual population","21","Brazil","511","Total Population - Both sexes","3010","Population - Est. & Proj.","1974","1974","1000 persons","104706.198","X","International reliable sources",""
"OA","Annual population","21","Brazil","512","Total Population - Male","3010","Population - Est. & Proj.","1974","1974","1000 persons","52166.708","X","International reliable sources",""
"OA","Annual population","21","Brazil","513","Total Population - Female","3010","Population - Est. & Proj.","1974","1974","1000 persons","52539.485","X","International reliable sources",""
"OA","Annual population","21","Brazil","551","Rural population","3010","Population - Est. & Proj.","1974","1974","1000 persons","42210.903","X","International reliable sources",""
"OA","Annual population","21","Brazil","561","Urban population","3010","Population - Est. & Proj.","1974","1974","1000 persons","62858.464","X","International reliable sources","UNDESA, Population Division – World Urbanization Prospects, the 2018 Revision"
"OA","Annual population","21","Brazil","511","Total Population - Both sexes","3010","Population - Est. & Proj.","1975","1975","1000 persons","107216.205","X","International reliable sources",""
"OA","Annual population","21","Brazil","512","Total Population - Male","3010","Population - Est. & Proj.","1975","1975","1000 persons","53415.74","X","International reliable sources",""
"OA","Annual population","21","Brazil","513","Total Population - Female","3010","Population - Est. & Proj.","1975","1975","1000 persons","53800.469","X","International reliable sources",""
"OA","Annual population","21","Brazil","551","Rural population","3010","Population - Est. & Proj.","1975","1975","1000 persons","42196.105","X","International reliable sources",""
"OA","Annual population","21","Brazil","561","Urban population","3010","Population - Est. & Proj.","1975","1975","1000 persons","65415.995","X","International reliable sources","UNDESA, Population Division – World Urbanization Prospects, the 2018 Revision"
"OA","Annual population","21","Brazil","511","Total Population - Both sexes","3010","Population - Est. & Proj.","1976","1976","1000 persons","109790.938","X","International reliable sources",""
"OA","Annual population","21","Brazil","512","Total Population - Male","3010","Population - Est. & Proj.","1976","1976","1000 persons","54697.665","X","International reliable sources",""
"OA","Annual population","21","Brazil","513","Total Population - Female","3010","Population - Est. & Proj.","1976","1976","1000 persons","55093.278","X","International reliable sources",""
"OA","Annual population","21","Brazil","551","Rural population","3010","Population - Est. & Proj.","1976","1976","1000 persons","42162.343","X","International reliable sources",""
"OA","Annual population","21","Brazil","561","Urban population","3010","Population - Est. & Proj.","1976","1976","1000 persons","68050.739","X","International reliable sources","UNDESA, Population Division – World Urbanization Prospects, the 2018 Revision"
"OA","Annual population","21","Brazil","511","Total Population - Both sexes","3010","Population - Est. & Proj.","1977","1977","1000 persons","112425.392","X","International reliable sources",""
"OA","Annual population","21","Brazil","512","Total Population - Male","3010","Population - Est. & Proj.","1977","1977","1000 persons","56009.747","X","International reliable sources",""
"OA","Annual population","21","Brazil","513","Total Population - Female","3010","Population - Est. & Proj.","1977","1977","1000 persons","56415.645","X","International reliable sources",""
"OA","Annual population","21","Brazil","551","Rural population","3010","Population - Est. & Proj.","1977","1977","1000 persons","42112.005","X","International reliable sources",""
"OA","Annual population","21","Brazil","561","Urban population","3010","Population - Est. & Proj.","1977","1977","1000 persons","70755.862","X","International reliable sources","UNDESA, Population Division – World Urbanization Prospects, the 2018 Revision"
"OA","Annual population","21","Brazil","511","Total Population - Both sexes","3010","Population - Est. & Proj.","1978","1978","1000 persons","115121.153","X","International reliable sources",""
"OA","Annual population","21","Brazil","512","Total Population - Male","3010","Population - Est. & Proj.","1978","1978","1000 persons","57352.248","X","International reliable sources",""
"OA","Annual population","21","Brazil","513","Total Population - Female","3010","Population - Est. & Proj.","1978","1978","1000 persons","57768.91","X","International reliable sources",""
"OA","Annual population","21","Brazil","551","Rural population","3010","Population - Est. & Proj.","1978","1978","1000 persons","42041.12","X","International reliable sources",""
"OA","Annual population","21","Brazil","561","Urban population","3010","Population - Est. & Proj.","1978","1978","1000 persons","73536.549","X","International reliable sources","UNDESA, Population Division – World Urbanization Prospects, the 2018 Revision"
"OA","Annual population","21","Brazil","511","Total Population - Both sexes","3010","Population - Est. & Proj.","1979","1979","1000 persons","117878.411","X","International reliable sources",""
"OA","Annual population","21","Brazil","512","Total Population - Male","3010","Population - Est. & Proj.","1979","1979","1000 persons","58724.526","X","International reliable sources",""
"OA","Annual population","21","Brazil","513","Total Population - Female","3010","Population - Est. & Proj.","1979","1979","1000 persons","59153.886","X","International reliable sources",""
"OA","Annual population","21","Brazil","551","Rural population","3010","Population - Est. & Proj.","1979","1979","1000 persons","41951.126","X","International reliable sources",""
"OA","Annual population","21","Brazil","561","Urban population","3010","Population - Est. & Proj.","1979","1979","1000 persons","76391.5","X","International reliable sources","UNDESA, Population Division – World Urbanization Prospects, the 2018 Revision"
"OA","Annual population","21","Brazil","511","Total Population - Both sexes","3010","Population - Est. & Proj.","1980","1980","1000 persons","120694.009","X","International reliable sources",""
"OA","Annual population","21","Brazil","512","Total Population - Male","3010","Population - Est. & Proj.","1980","1980","1000 persons","60124.415","X","International reliable sources",""
"OA","Annual population","21","Brazil","513","Total Population - Female","3010","Population - Est. & Proj.","1980","1980","1000 persons","60569.597","X","International reliable sources",""
"OA","Annual population","21","Brazil","551","Rural population","3010","Population - Est. & Proj.","1980","1980","1000 persons","41839.482","X","International reliable sources",""
"OA","Annual population","21","Brazil","561","Urban population","3010","Population - Est. & Proj.","1980","1980","1000 persons","79320.279","X","International reliable sources","UNDESA, Population Division – World Urbanization Prospects, the 2018 Revision"
"OA","Annual population","21","Brazil","511","Total Population - Both sexes","3010","Population - Est. & Proj.","1981","1981","1000 persons","123570.327","X","International reliable sources",""
"OA","Annual population","21","Brazil","512","Total Population - Male","3010","Population - Est. & Proj.","1981","1981","1000 persons","61552.968","X","International reliable sources",""
"OA","Annual population","21","Brazil","513","Total Population - Female","3010","Population - Est. & Proj.","1981","1981","1000 persons","62017.359","X","International reliable sources",""
"OA","Annual population","21","Brazil","551","Rural population","3010","Population - Est. & Proj.","1981","1981","1000 persons","41711.506","X","International reliable sources",""
"OA","Annual population","21","Brazil","561","Urban population","3010","Population - Est. & Proj.","1981","1981","1000 persons","82319.402","X","International reliable sources","UNDESA, Population Division – World Urbanization Prospects, the 2018 Revision"
"OA","Annual population","21","Brazil","511","Total Population - Both sexes","3010","Population - Est. & Proj.","1982","1982","1000 persons","126498.314","X","International reliable sources",""
"OA","Annual population","21","Brazil","512","Total Population - Male","3010","Population - Est. & Proj.","1982","1982","1000 persons","63005.622","X","International reliable sources",""
"OA","Annual population","21","Brazil","513","Total Population - Female","3010","Population - Est. & Proj.","1982","1982","1000 persons","63492.7","X","International reliable sources",""
"OA","Annual population","21","Brazil","551","Rural population","3010","Population - Est. & Proj.","1982","1982","1000 persons","41559.954","X","International reliable sources",""
"OA","Annual population","21","Brazil","561","Urban population","3010","Population - Est. & Proj.","1982","1982","1000 persons","85387.411","X","International reliable sources","UNDESA, Population Division – World Urbanization Prospects, the 2018 Revision"
"OA","Annual population","21","Brazil","511","Total Population - Both sexes","3010","Population - Est. & Proj.","1983","1983","1000 persons","129448.819","X","International reliable sources",""
"OA","Annual population","21","Brazil","512","Total Population - Male","3010","Population - Est. & Proj.","1983","1983","1000 persons","64467.432","X","International reliable sources",""
"OA","Annual population","21","Brazil","513","Total Population - Female","3010","Population - Est. & Proj.","1983","1983","1000 persons","64981.383","X","International reliable sources",""
"OA","Annual population","21","Brazil","551","Rural population","3010","Population - Est. & Proj.","1983","1983","1000 persons","41378.242","X","International reliable sources",""
"OA","Annual population","21","Brazil","561","Urban population","3010","Population - Est. & Proj.","1983","1983","1000 persons","88504.079","X","International reliable sources","UNDESA, Population Division – World Urbanization Prospects, the 2018 Revision"
"OA","Annual population","21","Brazil","511","Total Population - Both sexes","3010","Population - Est. & Proj.","1984","1984","1000 persons","132383.568","X","International reliable sources",""
"OA","Annual population","21","Brazil","512","Total Population - Male","3010","Population - Est. & Proj.","1984","1984","1000 persons","65918.87","X","International reliable sources",""
"OA","Annual population","21","Brazil","513","Total Population - Female","3010","Population - Est. & Proj.","1984","1984","1000 persons","66464.699","X","International reliable sources",""
"OA","Annual population","21","Brazil","551","Rural population","3010","Population - Est. & Proj.","1984","1984","1000 persons","41155.107","X","International reliable sources",""
"OA","Annual population","21","Brazil","561","Urban population","3010","Population - Est. & Proj.","1984","1984","1000 persons","91645.577","X","International reliable sources","UNDESA, Population Division – World Urbanization Prospects, the 2018 Revision"
"OA","Annual population","21","Brazil","511","Total Population - Both sexes","3010","Population - Est. & Proj.","1985","1985","1000 persons","135274.08","X","International reliable sources",""
"OA","Annual population","21","Brazil","512","Total Population - Male","3010","Population - Est. & Proj.","1985","1985","1000 persons","67345.433","X","International reliable sources",""
"OA","Annual population","21","Brazil","513","Total Population - Female","3010","Population - Est. & Proj.","1985","1985","1000 persons","67928.65","X","International reliable sources",""
"OA","Annual population","21","Brazil","551","Rural population","3010","Population - Est. & Proj.","1985","1985","1000 persons","40889.488","X","International reliable sources",""
"OA","Annual population","21","Brazil","561","Urban population","3010","Population - Est. & Proj.","1985","1985","1000 persons","94786.793","X","International reliable sources","UNDESA, Population Division – World Urbanization Prospects, the 2018 Revision"
"OA","Annual population","21","Brazil","511","Total Population - Both sexes","3010","Population - Est. & Proj.","1986","1986","1000 persons","138108.912","X","International reliable sources",""
"OA","Annual population","21","Brazil","512","Total Population - Male","3010","Population - Est. & Proj.","1986","1986","1000 persons","68741.148","X","International reliable sources",""
"OA","Annual population","21","Brazil","513","Total Population - Female","3010","Population - Est. & Proj.","1986","1986","1000 persons","69367.767","X","International reliable sources",""
"OA","Annual population","21","Brazil","551","Rural population","3010","Population - Est. & Proj.","1986","1986","1000 persons","40576.589","X","International reliable sources",""
"OA","Annual population","21","Brazil","561","Urban population","3010","Population - Est. & Proj.","1986","1986","1000 persons","97922.875","X","International reliable sources","UNDESA, Population Division – World Urbanization Prospects, the 2018 Revision"
"OA","Annual population","21","Brazil","511","Total Population - Both sexes","3010","Population - Est. & Proj.","1987","1987","1000 persons","140891.602","X","International reliable sources",""
"OA","Annual population","21","Brazil","512","Total Population - Male","3010","Population - Est. & Proj.","1987","1987","1000 persons","70107.877","X","International reliable sources",""
"OA","Annual population","21","Brazil","513","Total Population - Female","3010","Population - Est. & Proj.","1987","1987","1000 persons","70783.729","X","International reliable sources",""
"OA","Annual population","21","Brazil","551","Rural population","3010","Population - Est. & Proj.","1987","1987","1000 persons","40221.866","X","International reliable sources",""
"OA","Annual population","21","Brazil","561","Urban population","3010","Population - Est. & Proj.","1987","1987","1000 persons","101051.622","X","International reliable sources","UNDESA, Population Division – World Urbanization Prospects, the 2018 Revision"
"OA","Annual population","21","Brazil","511","Total Population - Both sexes","3010","Population - Est. & Proj.","1988","1988","1000 persons","143627.503","X","International reliable sources",""
"OA","Annual population","21","Brazil","512","Total Population - Male","3010","Population - Est. & Proj.","1988","1988","1000 persons","71448.769","X","International reliable sources",""
"OA","Annual population","21","Brazil","513","Total Population - Female","3010","Population - Est. & Proj.","1988","1988","1000 persons","72178.736","X","International reliable sources",""
"OA","Annual population","21","Brazil","551","Rural population","3010","Population - Est. & Proj.","1988","1988","1000 persons","39827.425","X","International reliable sources",""
"OA","Annual population","21","Brazil","561","Urban population","3010","Population - Est. & Proj.","1988","1988","1000 persons","104174.117","X","International reliable sources","UNDESA, Population Division – World Urbanization Prospects, the 2018 Revision"
"OA","Annual population","21","Brazil","511","Total Population - Both sexes","3010","Population - Est. & Proj.","1989","1989","1000 persons","146328.304","X","International reliable sources",""
"OA","Annual population","21","Brazil","512","Total Population - Male","3010","Population - Est. & Proj.","1989","1989","1000 persons","72770.366","X","International reliable sources",""
"OA","Annual population","21","Brazil","513","Total Population - Female","3010","Population - Est. & Proj.","1989","1989","1000 persons","73557.939","X","International reliable sources",""
"OA","Annual population","21","Brazil","551","Rural population","3010","Population - Est. & Proj.","1989","1989","1000 persons","39402.989","X","International reliable sources",""
"OA","Annual population","21","Brazil","561","Urban population","3010","Population - Est. & Proj.","1989","1989","1000 persons","107288.992","X","International reliable sources","UNDESA, Population Division – World Urbanization Prospects, the 2018 Revision"
"OA","Annual population","21","Brazil","511","Total Population - Both sexes","3010","Population - Est. & Proj.","1990","1990","1000 persons","149003.223","X","International reliable sources",""
"OA","Annual population","21","Brazil","512","Total Population - Male","3010","Population - Est. & Proj.","1990","1990","1000 persons","74077.777","X","International reliable sources",""
"OA","Annual population","21","Brazil","513","Total Population - Female","3010","Population - Est. & Proj.","1990","1990","1000 persons","74925.448","X","International reliable sources",""
"OA","Annual population","21","Brazil","551","Rural population","3010","Population - Est. & Proj.","1990","1990","1000 persons","38948.117","X","International reliable sources",""
"OA","Annual population","21","Brazil","561","Urban population","3010","Population - Est. & Proj.","1990","1990","1000 persons","110404.028","X","International reliable sources","UNDESA, Population Division – World Urbanization Prospects, the 2018 Revision"
"OA","Annual population","21","Brazil","511","Total Population - Both sexes","3010","Population - Est. & Proj.","1991","1991","1000 persons","151648.011","X","International reliable sources",""
"OA","Annual population","21","Brazil","512","Total Population - Male","3010","Population - Est. & Proj.","1991","1991","1000 persons","75369.084","X","International reliable sources",""
"OA","Annual population","21","Brazil","513","Total Population - Female","3010","Population - Est. & Proj.","1991","1991","1000 persons","76278.923","X","International reliable sources",""
"OA","Annual population","21","Brazil","551","Rural population","3010","Population - Est. & Proj.","1991","1991","1000 persons","38465.232","X","International reliable sources",""
"OA","Annual population","21","Brazil","561","Urban population","3010","Population - Est. & Proj.","1991","1991","1000 persons","113511.345","X","International reliable sources","UNDESA, Population Division – World Urbanization Prospects, the 2018 Revision"
"OA","Annual population","21","Brazil","511","Total Population - Both sexes","3010","Population - Est. & Proj.","1992","1992","1000 persons","154259.38","X","International reliable sources",""
"OA","Annual population","21","Brazil","512","Total Population - Male","3010","Population - Est. & Proj.","1992","1992","1000 persons","76642.504","X","International reliable sources",""
"OA","Annual population","21","Brazil","513","Total Population - Female","3010","Population - Est. & Proj.","1992","1992","1000 persons","77616.878","X","International reliable sources",""
"OA","Annual population","21","Brazil","551","Rural population","3010","Population - Est. & Proj.","1992","1992","1000 persons","37954.781","X","International reliable sources",""
"OA","Annual population","21","Brazil","561","Urban population","3010","Population - Est. & Proj.","1992","1992","1000 persons","116609.497","X","International reliable sources","UNDESA, Population Division – World Urbanization Prospects, the 2018 Revision"
"OA","Annual population","21","Brazil","511","Total Population - Both sexes","3010","Population - Est. & Proj.","1993","1993","1000 persons","156849.078","X","International reliable sources",""
"OA","Annual population","21","Brazil","512","Total Population - Male","3010","Population - Est. & Proj.","1993","1993","1000 persons","77903.598","X","International reliable sources",""
"OA","Annual population","21","Brazil","513","Total Population - Female","3010","Population - Est. & Proj.","1993","1993","1000 persons","78945.488","X","International reliable sources",""
"OA","Annual population","21","Brazil","551","Rural population","3010","Population - Est. & Proj.","1993","1993","1000 persons","37427.914","X","International reliable sources",""
"OA","Annual population","21","Brazil","561","Urban population","3010","Population - Est. & Proj.","1993","1993","1000 persons","119704.768","X","International reliable sources","UNDESA, Population Division – World Urbanization Prospects, the 2018 Revision"
"OA","Annual population","21","Brazil","511","Total Population - Both sexes","3010","Population - Est. & Proj.","1994","1994","1000 persons","159432.716","X","International reliable sources",""
"OA","Annual population","21","Brazil","512","Total Population - Male","3010","Population - Est. & Proj.","1994","1994","1000 persons","79159.715","X","International reliable sources",""
"OA","Annual population","21","Brazil","513","Total Population - Female","3010","Population - Est. & Proj.","1994","1994","1000 persons","80273.002","X","International reliable sources",""
"OA","Annual population","21","Brazil","551","Rural population","3010","Population - Est. & Proj.","1994","1994","1000 persons","36887.055","X","International reliable sources",""
"OA","Annual population","21","Brazil","561","Urban population","3010","Population - Est. & Proj.","1994","1994","1000 persons","122818.068","X","International reliable sources","UNDESA, Population Division – World Urbanization Prospects, the 2018 Revision"
"OA","Annual population","21","Brazil","511","Total Population - Both sexes","3010","Population - Est. & Proj.","1995","1995","1000 persons","162019.896","X","International reliable sources",""
"OA","Annual population","21","Brazil","512","Total Population - Male","3010","Population - Est. & Proj.","1995","1995","1000 persons","80415.359","X","International reliable sources",""
"OA","Annual population","21","Brazil","513","Total Population - Female","3010","Population - Est. & Proj.","1995","1995","1000 persons","81604.53","X","International reliable sources",""
"OA","Annual population","21","Brazil","551","Rural population","3010","Population - Est. & Proj.","1995","1995","1000 persons","36338.396","X","International reliable sources",""
"OA","Annual population","21","Brazil","561","Urban population","3010","Population - Est. & Proj.","1995","1995","1000 persons","125958.216","X","International reliable sources","UNDESA, Population Division – World Urbanization Prospects, the 2018 Revision"
"OA","Annual population","21","Brazil","511","Total Population - Both sexes","3010","Population - Est. & Proj.","1996","1996","1000 persons","164614.688","X","International reliable sources",""
"OA","Annual population","21","Brazil","512","Total Population - Male","3010","Population - Est. & Proj.","1996","1996","1000 persons","81672.541","X","International reliable sources",""
"OA","Annual population","21","Brazil","513","Total Population - Female","3010","Population - Est. & Proj.","1996","1996","1000 persons","82942.141","X","International reliable sources",""
"OA","Annual population","21","Brazil","551","Rural population","3010","Population - Est. & Proj.","1996","1996","1000 persons","35782.624","X","International reliable sources",""
"OA","Annual population","21","Brazil","561","Urban population","3010","Population - Est. & Proj.","1996","1996","1000 persons","129130.682","X","International reliable sources","UNDESA, Population Division – World Urbanization Prospects, the 2018 Revision"
"OA","Annual population","21","Brazil","511","Total Population - Both sexes","3010","Population - Est. & Proj.","1997","1997","1000 persons","167209.04","X","International reliable sources",""
"OA","Annual population","21","Brazil","512","Total Population - Male","3010","Population - Est. & Proj.","1997","1997","1000 persons","82927.448","X","International reliable sources",""
"OA","Annual population","21","Brazil","513","Total Population - Female","3010","Population - Est. & Proj.","1997","1997","1000 persons","84281.598","X","International reliable sources",""
"OA","Annual population","21","Brazil","551","Rural population","3010","Population - Est. & Proj.","1997","1997","1000 persons","35104.713","X","International reliable sources",""
"OA","Annual population","21","Brazil","561","Urban population","3010","Population - Est. & Proj.","1997","1997","1000 persons","132440.451","X","International reliable sources","UNDESA, Population Division – World Urbanization Prospects, the 2018 Revision"
"OA","Annual population","21","Brazil","511","Total Population - Both sexes","3010","Population - Est. & Proj.","1998","1998","1000 persons","169785.25","X","International reliable sources",""
"OA","Annual population","21","Brazil","512","Total Population - Male","3010","Population - Est. & Proj.","1998","1998","1000 persons","84171.459","X","International reliable sources",""
"OA","Annual population","21","Brazil","513","Total Population - Female","3010","Population - Est. & Proj.","1998","1998","1000 persons","85613.794","X","International reliable sources",""
"OA","Annual population","21","Brazil","551","Rural population","3010","Population - Est. & Proj.","1998","1998","1000 persons","34406.065","X","International reliable sources",""
"OA","Annual population","21","Brazil","561","Urban population","3010","Population - Est. & Proj.","1998","1998","1000 persons","135764.575","X","International reliable sources","UNDESA, Population Division – World Urbanization Prospects, the 2018 Revision"
"OA","Annual population","21","Brazil","511","Total Population - Both sexes","3010","Population - Est. & Proj.","1999","1999","1000 persons","172318.675","X","International reliable sources",""
"OA","Annual population","21","Brazil","512","Total Population - Male","3010","Population - Est. & Proj.","1999","1999","1000 persons","85392.586","X","International reliable sources",""
"OA","Annual population","21","Brazil","513","Total Population - Female","3010","Population - Est. & Proj.","1999","1999","1000 persons","86926.088","X","International reliable sources",""
"OA","Annual population","21","Brazil","551","Rural population","3010","Population - Est. & Proj.","1999","1999","1000 persons","33695.145","X","International reliable sources",""
"OA","Annual population","21","Brazil","561","Urban population","3010","Population - Est. & Proj.","1999","1999","1000 persons","139064.098","X","International reliable sources","UNDESA, Population Division – World Urbanization Prospects, the 2018 Revision"
"OA","Annual population","21","Brazil","511","Total Population - Both sexes","3010","Population - Est. & Proj.","2000","2000","1000 persons","174790.34","X","International reliable sources",""
"OA","Annual population","21","Brazil","512","Total Population - Male","3010","Population - Est. & Proj.","2000","2000","1000 persons","86581.634","X","International reliable sources",""
"OA","Annual population","21","Brazil","513","Total Population - Female","3010","Population - Est. & Proj.","2000","2000","1000 persons","88208.705","X","International reliable sources",""
"OA","Annual population","21","Brazil","551","Rural population","3010","Population - Est. & Proj.","2000","2000","1000 persons","32968.08","X","International reliable sources",""
"OA","Annual population","21","Brazil","561","Urban population","3010","Population - Est. & Proj.","2000","2000","1000 persons","142319.507","X","International reliable sources","UNDESA, Population Division – World Urbanization Prospects, the 2018 Revision"
"OA","Annual population","21","Brazil","511","Total Population - Both sexes","3010","Population - Est. & Proj.","2001","2001","1000 persons","177196.054","X","International reliable sources",""
"OA","Annual population","21","Brazil","512","Total Population - Male","3010","Population - Est. & Proj.","2001","2001","1000 persons","87736.62","X","International reliable sources",""
"OA","Annual population","21","Brazil","513","Total Population - Female","3010","Population - Est. & Proj.","2001","2001","1000 persons","89459.431","X","International reliable sources",""
"OA","Annual population","21","Brazil","551","Rural population","3010","Population - Est. & Proj.","2001","2001","1000 persons","32789.772","X","International reliable sources",""
"OA","Annual population","21","Brazil","561","Urban population","3010","Population - Est. & Proj.","2001","2001","1000 persons","144960.898","X","International reliable sources","UNDESA, Population Division – World Urbanization Prospects, the 2018 Revision"
"OA","Annual population","21","Brazil","511","Total Population - Both sexes","3010","Population - Est. & Proj.","2002","2002","1000 persons","179537.52","X","International reliable sources",""
"OA","Annual population","21","Brazil","512","Total Population - Male","3010","Population - Est. & Proj.","2002","2002","1000 persons","88858.471","X","International reliable sources",""
"OA","Annual population","21","Brazil","513","Total Population - Female","3010","Population - Est. & Proj.","2002","2002","1000 persons","90679.052","X","International reliable sources",""
"OA","Annual population","21","Brazil","551","Rural population","3010","Population - Est. & Proj.","2002","2002","1000 persons","32643.261","X","International reliable sources",""
"OA","Annual population","21","Brazil","561","Urban population","3010","Population - Est. & Proj.","2002","2002","1000 persons","147507.76","X","International reliable sources","UNDESA, Population Division – World Urbanization Prospects, the 2018 Revision"
"OA","Annual population","21","Brazil","511","Total Population - Both sexes","3010","Population - Est. & Proj.","2003","2003","1000 persons","181809.246","X","International reliable sources",""
"OA","Annual population","21","Brazil","512","Total Population - Male","3010","Population - Est. & Proj.","2003","2003","1000 persons","89944.581","X","International reliable sources",""
"OA","Annual population","21","Brazil","513","Total Population - Female","3010","Population - Est. & Proj.","2003","2003","1000 persons","91864.663","X","International reliable sources",""
"OA","Annual population","21","Brazil","551","Rural population","3010","Population - Est. & Proj.","2003","2003","1000 persons","32477.004","X","International reliable sources",""
"OA","Annual population","21","Brazil","561","Urban population","3010","Population - Est. & Proj.","2003","2003","1000 persons","150005.145","X","International reliable sources","UNDESA, Population Division – World Urbanization Prospects, the 2018 Revision"
"OA","Annual population","21","Brazil","511","Total Population - Both sexes","3010","Population - Est. & Proj.","2004","2004","1000 persons","184006.481","X","International reliable sources",""
"OA","Annual population","21","Brazil","512","Total Population - Male","3010","Population - Est. & Proj.","2004","2004","1000 persons","90992.764","X","International reliable sources",""
"OA","Annual population","21","Brazil","513","Total Population - Female","3010","Population - Est. & Proj.","2004","2004","1000 persons","93013.715","X","International reliable sources",""
"OA","Annual population","21","Brazil","551","Rural population","3010","Population - Est. & Proj.","2004","2004","1000 persons","32290.174","X","International reliable sources",""
"OA","Annual population","21","Brazil","561","Urban population","3010","Population - Est. & Proj.","2004","2004","1000 persons","152448.284","X","International reliable sources","UNDESA, Population Division – World Urbanization Prospects, the 2018 Revision"
"OA","Annual population","21","Brazil","511","Total Population - Both sexes","3010","Population - Est. & Proj.","2005","2005","1000 persons","186127.103","X","International reliable sources",""
"OA","Annual population","21","Brazil","512","Total Population - Male","3010","Population - Est. & Proj.","2005","2005","1000 persons","92002.092","X","International reliable sources",""
"OA","Annual population","21","Brazil","513","Total Population - Female","3010","Population - Est. & Proj.","2005","2005","1000 persons","94125.016","X","International reliable sources",""
"OA","Annual population","21","Brazil","551","Rural population","3010","Population - Est. & Proj.","2005","2005","1000 persons","32085.721","X","International reliable sources",""
"OA","Annual population","21","Brazil","561","Urban population","3010","Population - Est. & Proj.","2005","2005","1000 persons","154831.64","X","International reliable sources","UNDESA, Population Division – World Urbanization Prospects, the 2018 Revision"
"OA","Annual population","21","Brazil","511","Total Population - Both sexes","3010","Population - Est. & Proj.","2006","2006","1000 persons","188167.356","X","International reliable sources",""
"OA","Annual population","21","Brazil","512","Total Population - Male","3010","Population - Est. & Proj.","2006","2006","1000 persons","92970.772","X","International reliable sources",""
"OA","Annual population","21","Brazil","513","Total Population - Female","3010","Population - Est. & Proj.","2006","2006","1000 persons","95196.581","X","International reliable sources",""
"OA","Annual population","21","Brazil","551","Rural population","3010","Population - Est. & Proj.","2006","2006","1000 persons","31861.129","X","International reliable sources",""
"OA","Annual population","21","Brazil","561","Urban population","3010","Population - Est. & Proj.","2006","2006","1000 persons","157151.283","X","International reliable sources","UNDESA, Population Division – World Urbanization Prospects, the 2018 Revision"
"OA","Annual population","21","Brazil","511","Total Population - Both sexes","3010","Population - Est. & Proj.","2007","2007","1000 persons","190130.443","X","International reliable sources",""
"OA","Annual population","21","Brazil","512","Total Population - Male","3010","Population - Est. & Proj.","2007","2007","1000 persons","93900.509","X","International reliable sources",""
"OA","Annual population","21","Brazil","513","Total Population - Female","3010","Population - Est. & Proj.","2007","2007","1000 persons","96229.936","X","International reliable sources",""
"OA","Annual population","21","Brazil","551","Rural population","3010","Population - Est. & Proj.","2007","2007","1000 persons","31618.718","X","International reliable sources",""
"OA","Annual population","21","Brazil","561","Urban population","3010","Population - Est. & Proj.","2007","2007","1000 persons","159407.919","X","International reliable sources","UNDESA, Population Division – World Urbanization Prospects, the 2018 Revision"
"OA","Annual population","21","Brazil","511","Total Population - Both sexes","3010","Population - Est. & Proj.","2008","2008","1000 persons","192030.362","X","International reliable sources",""
"OA","Annual population","21","Brazil","512","Total Population - Male","3010","Population - Est. & Proj.","2008","2008","1000 persons","94798.466","X","International reliable sources",""
"OA","Annual population","21","Brazil","513","Total Population - Female","3010","Population - Est. & Proj.","2008","2008","1000 persons","97231.896","X","International reliable sources",""
"OA","Annual population","21","Brazil","551","Rural population","3010","Population - Est. & Proj.","2008","2008","1000 persons","31361.744","X","International reliable sources",""
"OA","Annual population","21","Brazil","561","Urban population","3010","Population - Est. & Proj.","2008","2008","1000 persons","161617.285","X","International reliable sources","UNDESA, Population Division – World Urbanization Prospects, the 2018 Revision"
"OA","Annual population","21","Brazil","511","Total Population - Both sexes","3010","Population - Est. & Proj.","2009","2009","1000 persons","193886.508","X","International reliable sources",""
"OA","Annual population","21","Brazil","512","Total Population - Male","3010","Population - Est. & Proj.","2009","2009","1000 persons","95674.549","X","International reliable sources",""
"OA","Annual population","21","Brazil","513","Total Population - Female","3010","Population - Est. & Proj.","2009","2009","1000 persons","98211.956","X","International reliable sources",""
"OA","Annual population","21","Brazil","551","Rural population","3010","Population - Est. & Proj.","2009","2009","1000 persons","31097.565","X","International reliable sources",""
"OA","Annual population","21","Brazil","561","Urban population","3010","Population - Est. & Proj.","2009","2009","1000 persons","163798.431","X","International reliable sources","UNDESA, Population Division – World Urbanization Prospects, the 2018 Revision"
"OA","Annual population","21","Brazil","511","Total Population - Both sexes","3010","Population - Est. & Proj.","2010","2010","1000 persons","195713.635","X","International reliable sources",""
"OA","Annual population","21","Brazil","512","Total Population - Male","3010","Population - Est. & Proj.","2010","2010","1000 persons","96536.269","X","International reliable sources",""
"OA","Annual population","21","Brazil","513","Total Population - Female","3010","Population - Est. & Proj.","2010","2010","1000 persons","99177.368","X","International reliable sources",""
"OA","Annual population","21","Brazil","551","Rural population","3010","Population - Est. & Proj.","2010","2010","1000 persons","30827.251","X","International reliable sources",""
"OA","Annual population","21","Brazil","561","Urban population","3010","Population - Est. & Proj.","2010","2010","1000 persons","165969.018","X","International reliable sources","UNDESA, Population Division – World Urbanization Prospects, the 2018 Revision"
"OA","Annual population","21","Brazil","511","Total Population - Both sexes","3010","Population - Est. & Proj.","2011","2011","1000 persons","197514.536","X","International reliable sources",""
"OA","Annual population","21","Brazil","512","Total Population - Male","3010","Population - Est. & Proj.","2011","2011","1000 persons","97385.186","X","International reliable sources",""
"OA","Annual population","21","Brazil","513","Total Population - Female","3010","Population - Est. & Proj.","2011","2011","1000 persons","100129.355","X","International reliable sources",""
"OA","Annual population","21","Brazil","551","Rural population","3010","Population - Est. & Proj.","2011","2011","1000 persons","30536.433","X","International reliable sources",""
"OA","Annual population","21","Brazil","561","Urban population","3010","Population - Est. & Proj.","2011","2011","1000 persons","168150.255","X","International reliable sources","UNDESA, Population Division – World Urbanization Prospects, the 2018 Revision"
"OA","Annual population","21","Brazil","511","Total Population - Both sexes","3010","Population - Est. & Proj.","2012","2012","1000 persons","199287.299","X","International reliable sources",""
"OA","Annual population","21","Brazil","512","Total Population - Male","3010","Population - Est. & Proj.","2012","2012","1000 persons","98220.331","X","International reliable sources",""
"OA","Annual population","21","Brazil","513","Total Population - Female","3010","Population - Est. & Proj.","2012","2012","1000 persons","101066.961","X","International reliable sources",""
"OA","Annual population","21","Brazil","551","Rural population","3010","Population - Est. & Proj.","2012","2012","1000 persons","30238.865","X","International reliable sources",""
"OA","Annual population","21","Brazil","561","Urban population","3010","Population - Est. & Proj.","2012","2012","1000 persons","170322.118","X","International reliable sources","UNDESA, Population Division – World Urbanization Prospects, the 2018 Revision"
"OA","Annual population","21","Brazil","511","Total Population - Both sexes","3010","Population - Est. & Proj.","2013","2013","1000 persons","201035.912","X","International reliable sources",""
"OA","Annual population","21","Brazil","512","Total Population - Male","3010","Population - Est. & Proj.","2013","2013","1000 persons","99043.431","X","International reliable sources",""
"OA","Annual population","21","Brazil","513","Total Population - Female","3010","Population - Est. & Proj.","2013","2013","1000 persons","101992.473","X","International reliable sources",""
"OA","Annual population","21","Brazil","551","Rural population","3010","Population - Est. & Proj.","2013","2013","1000 persons","29937.266","X","International reliable sources",""
"OA","Annual population","21","Brazil","561","Urban population","3010","Population - Est. & Proj.","2013","2013","1000 persons","172471.366","X","International reliable sources","UNDESA, Population Division – World Urbanization Prospects, the 2018 Revision"
"OA","Annual population","21","Brazil","511","Total Population - Both sexes","3010","Population - Est. & Proj.","2014","2014","1000 persons","202763.739","X","International reliable sources",""
"OA","Annual population","21","Brazil","512","Total Population - Male","3010","Population - Est. & Proj.","2014","2014","1000 persons","99855.752","X","International reliable sources",""
"OA","Annual population","21","Brazil","513","Total Population - Female","3010","Population - Est. & Proj.","2014","2014","1000 persons","102907.992","X","International reliable sources",""
"OA","Annual population","21","Brazil","551","Rural population","3010","Population - Est. & Proj.","2014","2014","1000 persons","29627.255","X","International reliable sources",""
"OA","Annual population","21","Brazil","561","Urban population","3010","Population - Est. & Proj.","2014","2014","1000 persons","174585.878","X","International reliable sources","UNDESA, Population Division – World Urbanization Prospects, the 2018 Revision"
"OA","Annual population","21","Brazil","511","Total Population - Both sexes","3010","Population - Est. & Proj.","2015","2015","1000 persons","204471.769","X","International reliable sources",""
"OA","Annual population","21","Brazil","512","Total Population - Male","3010","Population - Est. & Proj.","2015","2015","1000 persons","100657.516","X","International reliable sources",""
"OA","Annual population","21","Brazil","513","Total Population - Female","3010","Population - Est. & Proj.","2015","2015","1000 persons","103814.243","X","International reliable sources",""
"OA","Annual population","21","Brazil","551","Rural population","3010","Population - Est. & Proj.","2015","2015","1000 persons","29308.408","X","International reliable sources",""
"OA","Annual population","21","Brazil","561","Urban population","3010","Population - Est. & Proj.","2015","2015","1000 persons","176653.7","X","International reliable sources","UNDESA, Population Division – World Urbanization Prospects, the 2018 Revision"
"OA","Annual population","21","Brazil","511","Total Population - Both sexes","3010","Population - Est. & Proj.","2016","2016","1000 persons","206163.053","X","International reliable sources",""
"OA","Annual population","21","Brazil","512","Total Population - Male","3010","Population - Est. & Proj.","2016","2016","1000 persons","101450.192","X","International reliable sources",""
"OA","Annual population","21","Brazil","513","Total Population - Female","3010","Population - Est. & Proj.","2016","2016","1000 persons","104712.864","X","International reliable sources",""
"OA","Annual population","21","Brazil","551","Rural population","3010","Population - Est. & Proj.","2016","2016","1000 persons","28983.278","X","International reliable sources",""
"OA","Annual population","21","Brazil","561","Urban population","3010","Population - Est. & Proj.","2016","2016","1000 persons","178669.587","X","International reliable sources","UNDESA, Population Division – World Urbanization Prospects, the 2018 Revision"
"OA","Annual population","21","Brazil","511","Total Population - Both sexes","3010","Population - Est. & Proj.","2017","2017","1000 persons","207833.823","X","International reliable sources",""
"OA","Annual population","21","Brazil","512","Total Population - Male","3010","Population - Est. & Proj.","2017","2017","1000 persons","102232.088","X","International reliable sources",""
"OA","Annual population","21","Brazil","513","Total Population - Female","3010","Population - Est. & Proj.","2017","2017","1000 persons","105601.737","X","International reliable sources",""
"OA","Annual population","21","Brazil","551","Rural population","3010","Population - Est. & Proj.","2017","2017","1000 persons","28654.406","X","International reliable sources",""
"OA","Annual population","21","Brazil","561","Urban population","3010","Population - Est. & Proj.","2017","2017","1000 persons","180633.872","X","International reliable sources","UNDESA, Population Division – World Urbanization Prospects, the 2018 Revision"
"OA","Annual population","21","Brazil","511","Total Population - Both sexes","3010","Population - Est. & Proj.","2018","2018","1000 persons","209469.323","X","International reliable sources",""
"OA","Annual population","21","Brazil","512","Total Population - Male","3010","Population - Est. & Proj.","2018","2018","1000 persons","102996.239","X","International reliable sources",""
"OA","Annual population","21","Brazil","513","Total Population - Female","3010","Population - Est. & Proj.","2018","2018","1000 persons","106473.081","X","International reliable sources",""
"OA","Annual population","21","Brazil","551","Rural population","3010","Population - Est. & Proj.","2018","2018","1000 persons","28321.495","X","International reliable sources",""
"OA","Annual population","21","Brazil","561","Urban population","3010","Population - Est. & Proj.","2018","2018","1000 persons","182546.459","X","International reliable sources","UNDESA, Population Division – World Urbanization Prospects, the 2018 Revision"
